GEOID,Pop_Urban,Pop_Rural,%Urban_pop
01001,34885,23920,59.32
01003,144654,87113,62.41
01005,8596,16627,34.08
01007,0,22293,0.0
01009,5624,53510,9.51
01011,0,10357,0.0
01013,5823,13228,30.57
01015,73947,42494,63.51
01017,17127,17645,49.26
01019,0,24971,0.0
01021,6507,38507,14.46
01023,0,12665,0.0
01025,0,23087,0.0
01027,0,14236,0.0
01029,0,15056,0.0
01031,28053,25412,52.47
01033,34167,23060,59.7
01035,0,11597,0.0
01037,0,10387,0.0
01039,11716,25854,31.18
01041,0,13194,0.0
01043,21440,66426,24.4
01045,24440,24886,49.55
01047,21207,17255,55.14
01049,8380,63228,11.7
01051,25305,62672,28.76
01053,12761,23996,34.72
01055,58783,44653,56.83
01057,0,16321,0.0
01059,9939,22174,30.95
01061,149,26510,0.56
01063,0,7730,0.0
01065,0,14785,0.0
01067,0,17146,0.0
01069,70414,36788,65.68
01071,12982,39597,24.69
01073,593276,81445,87.93
01075,0,13972,0.0
01077,44758,48806,47.84
01079,2,33071,0.01
01081,128259,45982,73.61
01083,50736,52834,48.99
01085,0,10311,0.0
01087,9003,10529,46.09
01089,321770,66383,82.9
01091,6227,13096,32.23
01093,0,29341,0.0
01095,45242,52370,46.35
01097,321907,92902,77.6
01099,4284,15488,21.67
01101,200646,28308,87.64
01103,75981,47440,61.56
01105,0,8511,0.0
01107,0,19123,0.0
01109,14466,18543,43.82
01111,0,21967,0.0
01113,35302,23881,59.65
01115,29963,61140,32.89
01117,169571,53453,76.03
01119,0,12345,0.0
01121,33944,48205,41.32
01123,8920,32391,21.59
01125,156450,70586,68.91
01127,13274,52068,20.31
01129,0,15388,0.0
01131,0,10600,0.0
01133,0,23540,0.0
02002,71396,24259,74.64
02006,0,14768,0.0
02010,0,1619,0.0
02012,53444,53637,49.91
02014,278813,12434,95.73
02030,22818,56846,28.64
02033,0,5685,0.0
02034,24756,7499,76.75
02035,7668,9941,43.55
02036,11975,4100,74.49
02037,0,15829,0.0
02038,5097,13569,27.31
02039,0,18414,0.0
02040,0,18824,0.0
04001,0,66021,0.0
04003,79323,46124,63.23
04005,98082,47019,67.6
04007,29642,23630,55.64
04009,18331,20202,47.57
04011,0,9563,0.0
04012,9368,7189,56.58
04013,4318689,101879,97.7
04015,162227,51040,76.07
04017,38148,68569,35.75
04019,951173,92260,91.16
04021,327317,97947,76.97
04023,19168,28501,40.21
04025,160668,75541,68.02
04027,173094,30787,84.9
05001,8132,9017,47.42
05003,7184,11878,37.69
05005,17783,23844,42.72
05007,216081,68252,76.0
05009,13950,23423,37.33
05011,5278,5267,50.05
05013,0,4739,0.0
05015,5057,23203,17.89
05017,0,10208,0.0
05019,10086,11360,47.03
05021,0,14552,0.0
05023,6743,17968,27.29
05025,0,7550,0.0
05027,10403,12398,45.63
05029,6340,14375,30.61
05031,73781,37450,66.33
05033,30422,29711,50.59
05035,39313,8850,81.62
05037,7564,9269,44.94
05039,0,6482,0.0
05041,4308,7087,37.81
05043,7974,9376,45.96
05045,66619,56879,53.94
05047,0,17097,0.0
05049,0,12075,0.0
05051,66335,33845,66.22
05053,4710,13248,26.23
05055,25089,20647,54.86
05057,8855,11210,44.13
05059,8852,24188,26.79
05061,0,12785,0.0
05063,10913,27025,28.77
05065,0,13577,0.0
05067,5947,10808,35.49
05069,46683,20577,69.41
05071,7816,17933,30.35
05073,0,6308,0.0
05075,6540,9676,40.33
05077,0,8600,0.0
05079,0,12941,0.0
05081,0,12026,0.0
05083,0,21131,0.0
05085,35574,38441,48.06
05087,0,16521,0.0
05089,0,16826,0.0
05091,25600,17000,60.09
05093,22117,18568,54.36
05095,0,6799,0.0
05097,0,8484,0.0
05099,0,8310,0.0
05101,0,7225,0.0
05103,9873,12777,43.59
05105,0,10019,0.0
05107,8599,7969,51.9
05109,0,10171,0.0
05111,7233,15732,31.5
05113,5534,13687,28.79
05115,27960,35421,44.11
05117,0,8282,0.0
05119,353778,45347,88.64
05121,7164,11407,38.58
05123,8557,14533,37.06
05125,78046,45370,63.24
05127,0,9836,0.0
05129,0,7828,0.0
05131,102655,25144,80.33
05133,5894,9945,37.21
05135,0,17271,0.0
05137,0,12359,0.0
05139,18698,20356,47.88
05141,0,15796,0.0
05143,186859,59012,76.0
05145,33868,42954,44.09
05147,0,6269,0.0
05149,3910,16353,19.3
06001,1674100,8253,99.51
06003,0,1204,0.0
06005,12454,28020,30.77
06007,167154,44478,78.98
06009,8164,37128,18.03
06011,12513,9326,57.3
06013,1154266,11661,99.0
06015,15620,12123,56.3
06017,121073,70112,63.33
06019,895029,113625,88.73
06021,17000,11917,58.79
06023,93430,43033,68.47
06025,146627,33075,81.59
06027,11013,8003,57.91
06029,787826,121409,86.65
06031,135844,16642,89.09
06033,40361,27802,59.21
06035,8995,23735,27.48
06037,9924789,89220,99.11
06039,95929,60326,61.39
06041,246548,15773,93.99
06043,0,17131,0.0
06045,47207,44394,51.54
06047,233963,47239,83.2
06049,0,8700,0.0
06051,7045,6150,53.39
06053,376458,62577,85.75
06055,117695,20324,85.27
06057,52956,49285,51.8
06059,3179027,7962,99.75
06061,345723,59016,85.42
06063,0,19790,0.0
06065,2285826,132359,94.53
06067,1547026,38029,97.6
06069,49611,14598,77.26
06071,2064249,117405,94.62
06073,3153671,144963,95.61
06075,873965,0,100.0
06077,718832,60401,92.25
06079,228515,53909,80.91
06081,751407,13035,98.29
06083,423265,24964,94.43
06085,1910722,25537,98.68
06087,234855,36006,86.71
06089,120602,61553,66.21
06091,40,3196,1.24
06093,12820,31256,29.09
06095,433282,20209,95.54
06097,422220,66643,86.37
06099,507705,45173,91.83
06101,84623,15010,84.93
06103,28285,37544,42.97
06105,0,16112,0.0
06107,378228,94889,79.94
06109,29013,26607,52.16
06111,815432,28411,96.63
06113,198987,17416,91.95
06115,57500,24075,70.49
08001,498576,20996,95.96
08003,10965,5411,66.96
08005,641552,13518,97.94
08007,5632,7727,42.16
08009,0,3506,0.0
08011,0,5650,0.0
08013,299658,31100,90.6
08014,73819,293,99.6
08015,10991,8485,56.43
08017,0,1748,0.0
08019,0,9397,0.0
08021,0,7461,0.0
08023,0,3499,0.0
08025,0,5922,0.0
08027,0,4704,0.0
08029,8190,23006,26.25
08031,715418,104,99.99
08033,0,2326,0.0
08035,325708,32270,90.99
08037,45415,10316,81.49
08039,0,26062,0.0
08041,655526,74869,89.75
08043,24737,24202,50.55
08045,41874,19811,67.88
08047,0,5808,0.0
08049,4979,10738,31.68
08051,7228,9690,42.72
08053,0,788,0.0
08055,0,6820,0.0
08057,0,1379,0.0
08059,541241,41669,92.85
08061,0,1446,0.0
08063,0,7087,0.0
08065,4538,2898,61.03
08067,19114,36524,34.35
08069,322283,36783,89.76
08071,8323,6232,57.18
08073,0,5675,0.0
08075,12278,9250,57.03
08077,135973,19730,87.33
08079,0,865,0.0
08081,9650,3642,72.6
08083,8628,17221,33.38
08085,24513,18166,57.44
08087,19041,10070,65.41
08089,7792,10898,41.69
08091,0,4874,0.0
08093,0,17390,0.0
08095,0,4530,0.0
08097,11636,5722,67.04
08099,7502,4497,62.52
08101,146055,22107,86.85
08103,0,6529,0.0
08105,0,11539,0.0
08107,14455,10374,58.22
08109,0,6368,0.0
08111,0,705,0.0
08113,4587,3485,56.83
08115,0,2404,0.0
08117,26055,5000,83.9
08119,9864,14846,39.92
08121,0,4817,0.0
08123,263140,65841,79.99
08125,0,9988,0.0
09001,904300,53119,94.45
09003,847498,52000,94.22
09005,100961,84225,54.52
09007,116289,47956,70.8
09009,820255,44580,94.85
09011,188854,79701,70.32
09013,74467,75321,49.71
09015,57529,58889,49.42
10001,133712,48139,73.53
10003,535938,34781,93.91
10005,148167,89211,62.42
11001,689545,0,100.0
12001,213748,64720,76.76
12003,10881,17378,38.5
12005,150319,24897,85.79
12007,8279,20024,29.25
12009,583073,23539,96.12
12011,1944223,152,99.99
12013,0,13648,0.0
12015,174702,12145,93.5
12017,115422,38421,75.03
12019,186762,31483,85.57
12021,332079,43673,88.38
12023,25334,44364,36.35
12027,17342,16634,51.04
12029,0,16759,0.0
12031,969177,26390,97.35
12033,297356,24549,92.37
12035,106548,8830,92.35
12037,0,12451,0.0
12039,8541,35285,19.49
12041,0,17864,0.0
12043,2099,10027,17.31
12045,0,14192,0.0
12047,0,14004,0.0
12049,9790,15537,38.65
12051,25356,14263,64.0
12053,155499,39016,79.94
12055,81113,20122,80.12
12057,1406155,53607,96.33
12059,0,19653,0.0
12061,148215,11573,92.76
12063,5560,41759,11.75
12065,0,14510,0.0
12067,0,8226,0.0
12069,315106,68850,82.07
12071,730937,29885,96.07
12073,252934,39264,86.56
12075,0,42915,0.0
12077,0,7974,0.0
12079,0,17968,0.0
12081,380958,18752,95.31
12083,265597,110311,70.65
12085,146830,11601,92.68
12086,2678436,23331,99.14
12087,72007,10867,86.89
12089,50805,39547,56.23
12091,189144,22524,89.36
12093,25195,14449,63.55
12095,1396338,33570,97.65
12097,364149,24507,93.69
12099,1479525,12666,99.15
12101,521183,40708,92.76
12103,957280,1827,99.81
12105,646127,78919,89.12
12107,20032,53289,27.32
12109,232977,40448,85.21
12111,317579,11647,96.46
12113,150583,37417,80.1
12115,423544,10462,97.59
12117,455579,15277,96.76
12119,101755,27997,78.42
12121,6668,36806,15.34
12123,6531,15265,29.96
12125,0,16147,0.0
12127,506287,47256,91.46
12129,10124,23640,29.98
12131,33023,42282,43.85
12133,0,25318,0.0
13001,5354,13090,29.03
13003,0,8286,0.0
13005,0,11140,0.0
13007,0,2876,0.0
13009,22441,21358,51.24
13011,797,17238,4.42
13013,55977,27528,67.03
13015,65960,42941,60.57
13017,11281,5913,65.61
13019,4844,13316,26.67
13021,135183,22163,85.91
13023,6159,6424,48.95
13025,122,17899,0.68
13027,0,16301,0.0
13029,23809,20929,53.22
13031,44488,36611,54.86
13033,6103,18493,24.81
13035,5697,19737,22.4
13037,0,5573,0.0
13039,38567,16201,70.42
13043,0,10981,0.0
13045,54352,64796,45.62
13047,51771,16101,76.28
13049,0,12518,0.0
13051,286383,8908,96.98
13053,5731,3834,59.92
13055,10227,14738,40.97
13057,217834,48786,81.7
13059,121048,7623,94.08
13061,0,2848,0.0
13063,296033,1562,99.48
13065,0,6749,0.0
13067,766109,40,99.99
13069,14258,28834,33.09
13071,19217,26681,41.87
13073,132691,23319,85.05
13075,7034,10195,40.83
13077,80544,65614,55.11
13079,0,12130,0.0
13081,10931,9197,54.31
13083,880,15371,5.42
13085,8200,18598,30.6
13087,13857,15510,47.19
13089,763175,1207,99.84
13091,6220,13705,31.22
13093,0,11208,0.0
13095,73479,12311,85.65
13097,121915,22322,84.52
13099,0,10854,0.0
13101,0,3697,0.0
13103,16703,48066,25.79
13105,5700,13937,29.03
13107,7251,15517,31.85
13109,0,10774,0.0
13111,0,25319,0.0
13113,97582,21612,81.87
13115,60403,38181,61.27
13117,231837,19446,92.26
13119,0,23424,0.0
13121,1059965,6745,99.37
13123,6738,24615,21.49
13125,0,2884,0.0
13127,68750,15749,81.36
13129,23066,34478,40.08
13131,10346,15890,39.43
13133,0,18915,0.0
13135,952537,4525,99.53
13137,18719,27312,40.67
13139,150426,52710,74.05
13141,0,8735,0.0
13143,7282,22637,24.34
13145,974,33694,2.81
13147,5963,19865,23.09
13149,0,11412,0.0
13151,195408,45304,81.18
13153,148943,14690,91.02
13155,0,9666,0.0
13157,28223,47684,37.18
13159,0,14588,0.0
13161,4917,9862,33.27
13163,0,15709,0.0
13165,0,8674,0.0
13167,0,9189,0.0
13169,4702,23645,16.59
13171,6825,11675,36.89
13173,0,9877,0.0
13175,20842,28728,42.05
13177,12481,20682,37.64
13179,49912,15344,76.49
13181,0,7690,0.0
13183,3195,12973,19.76
13185,76769,41482,64.92
13187,6508,26980,19.43
13189,8788,12844,40.62
13191,0,10975,0.0
13193,0,12082,0.0
13195,2814,27306,9.34
13197,0,7498,0.0
13199,0,20613,0.0
13201,0,6000,0.0
13205,5270,16485,24.22
13207,5078,22879,18.16
13209,111,8499,1.29
13211,4709,15388,23.43
13213,12808,27165,32.04
13215,199149,7773,96.24
13217,74267,38216,66.03
13219,19192,22607,45.91
13221,0,14825,0.0
13223,134120,34541,79.52
13225,16777,11204,59.96
13227,6384,26832,19.22
13229,253,19463,1.28
13231,53,18836,0.28
13233,20576,22277,48.02
13235,0,9855,0.0
13237,0,22047,0.0
13239,588,1647,26.31
13241,0,16883,0.0
13243,0,6425,0.0
13245,189390,17217,91.67
13247,80739,12831,86.29
13249,0,4547,0.0
13251,0,14067,0.0
13253,0,9147,0.0
13255,39944,27362,59.35
13257,11807,14977,44.08
13259,0,5314,0.0
13261,17407,12209,58.78
13263,0,5733,0.0
13265,0,1559,0.0
13267,0,22842,0.0
13269,0,7816,0.0
13271,0,12477,0.0
13273,0,9185,0.0
13275,25231,20567,55.09
13277,24580,16764,59.45
13279,13598,13432,50.31
13281,0,12493,0.0
13283,0,6406,0.0
13285,37932,31494,54.64
13287,4738,4268,52.61
13289,0,8022,0.0
13291,0,24632,0.0
13293,14765,12935,53.3
13295,33139,34515,48.98
13297,40544,56129,41.94
13299,24610,11641,67.89
13301,0,5215,0.0
13303,7097,12891,35.51
13305,12772,17372,42.37
13307,0,2348,0.0
13309,0,7471,0.0
13311,0,28003,0.0
13313,66972,35892,65.11
13315,0,8766,0.0
13317,0,9565,0.0
13319,0,8877,0.0
13321,6146,14638,29.57
15001,81258,119371,40.5
15003,999341,17167,98.31
15007,42365,30933,57.8
15009,129486,35268,78.59
16001,467418,27549,94.43
16003,0,4379,0.0
16005,72211,14807,82.98
16007,0,6372,0.0
16009,0,9530,0.0
16011,19340,28652,40.3
16013,18381,5891,75.73
16015,0,7610,0.0
16017,12824,34286,27.22
16019,105132,18832,84.81
16021,0,12056,0.0
16023,0,2574,0.0
16025,0,1077,0.0
16027,187826,43279,81.27
16029,0,7027,0.0
16031,12250,12405,49.69
16033,0,790,0.0
16035,0,8734,0.0
16037,0,4275,0.0
16039,17799,10867,62.09
16041,0,14194,0.0
16043,0,13388,0.0
16045,10173,8950,53.2
16047,0,15598,0.0
16049,0,16541,0.0
16051,10283,20608,33.29
16053,12405,11832,51.18
16055,131072,40290,76.49
16057,25914,13603,65.58
16059,0,7974,0.0
16061,0,3533,0.0
16063,0,5127,0.0
16065,41330,11583,78.11
16067,12025,9588,55.64
16069,34131,7959,81.09
16071,0,4564,0.0
16073,0,11913,0.0
16075,14916,10470,58.76
16077,0,7878,0.0
16079,0,13169,0.0
16081,0,11630,0.0
16083,58808,31238,65.31
16085,3695,8051,31.46
16087,5504,4996,52.42
17001,43427,22310,66.06
17003,160,5080,3.05
17005,6765,9960,40.45
17007,37736,15712,70.6
17009,0,6244,0.0
17011,14965,18279,45.02
17013,0,4437,0.0
17015,0,15702,0.0
17017,6262,6780,48.01
17019,173028,32837,84.05
17021,16782,17250,49.31
17023,0,15455,0.0
17025,4793,8495,36.07
17027,7300,29599,19.78
17029,34526,12337,73.67
17031,5272651,2890,99.95
17033,6134,12545,32.84
17035,0,10450,0.0
17037,78572,21848,78.24
17039,7323,8193,47.2
17041,4942,14798,25.04
17043,931125,1752,99.81
17045,8316,8550,49.31
17047,0,6245,0.0
17049,13990,20678,40.35
17051,8110,13378,37.74
17053,4528,9006,33.46
17055,15426,22378,40.81
17057,13177,20432,39.21
17059,0,4946,0.0
17061,0,11985,0.0
17063,39385,13148,74.97
17065,0,7993,0.0
17067,2814,14806,15.97
17069,0,3649,0.0
17071,34,6353,0.53
17073,24740,24544,50.2
17075,4671,22406,17.25
17077,31282,21692,59.05
17079,0,9287,0.0
17081,15288,21825,41.19
17083,8731,12781,40.59
17085,2558,19477,11.61
17087,0,13308,0.0
17089,495745,20777,95.98
17091,76967,30535,71.6
17093,116875,14994,88.63
17095,33847,16120,67.74
17097,704232,10110,98.58
17099,75007,34651,68.4
17101,4632,10648,30.31
17103,15987,18158,46.82
17105,12680,23135,35.4
17107,13990,13997,49.99
17109,15656,11582,57.48
17111,266519,43710,85.91
17113,134100,36854,78.44
17115,86287,17711,82.97
17117,15505,29462,34.48
17119,222154,43705,83.56
17121,19697,18032,52.21
17123,0,11742,0.0
17125,0,13086,0.0
17127,6676,7493,47.12
17129,0,12297,0.0
17131,0,15699,0.0
17133,20453,14509,58.5
17135,13230,15058,46.77
17137,21003,11912,63.81
17139,4414,10112,30.39
17141,16638,35150,32.13
17143,151023,30807,83.06
17145,5933,15012,28.33
17147,5985,10688,35.9
17149,0,14739,0.0
17151,0,3763,0.0
17153,0,5193,0.0
17155,0,5637,0.0
17157,6338,23825,21.01
17159,8642,7171,54.65
17161,127971,16701,88.46
17163,220963,36437,85.84
17165,8283,15485,34.85
17167,159265,37078,81.12
17169,0,6902,0.0
17171,0,4949,0.0
17173,4924,16066,23.46
17175,0,5400,0.0
17177,24135,20495,54.08
17179,102681,28662,78.18
17181,6068,11176,35.19
17183,44856,29332,60.46
17185,6963,4398,61.29
17187,9189,7646,54.58
17189,94,13667,0.68
17191,4766,11413,29.46
17193,5067,8810,36.51
17195,31437,24254,56.45
17197,662409,33946,95.13
17199,39597,27556,58.97
17201,257688,27662,90.31
17203,11478,26989,29.84
18001,10441,25368,29.16
18003,335620,49790,87.08
18005,56975,25233,69.31
18007,0,8719,0.0
18009,6135,5977,50.65
18011,51557,19255,72.81
18013,0,15475,0.0
18015,1103,19203,5.43
18017,20374,17496,53.8
18019,95263,25830,78.67
18021,10587,15879,40.0
18023,16775,16415,50.54
18025,0,10526,0.0
18027,12920,20461,38.7
18029,20165,30514,39.79
18031,12529,13943,47.33
18033,20346,22919,47.03
18035,86099,25804,76.94
18037,22866,20771,52.4
18039,158893,48154,76.74
18041,14401,8997,61.55
18043,53078,27406,65.95
18045,0,16479,0.0
18047,2538,20247,11.14
18049,7333,13147,35.81
18051,8343,24668,25.27
18053,40961,25713,61.43
18055,5298,25505,17.2
18057,327520,19947,94.26
18059,57744,22096,72.32
18061,5696,33958,14.36
18063,148149,26639,84.76
18065,18555,30359,37.93
18067,62191,21467,74.34
18069,17555,19107,47.88
18071,24247,22181,52.22
18073,5509,27409,16.74
18075,6364,14114,31.08
18077,17447,15700,52.64
18079,6936,20677,25.12
18081,141165,20600,87.27
18083,19800,16482,54.57
18085,41433,38807,51.64
18087,0,40446,0.0
18089,476075,22625,95.46
18091,71361,41056,63.48
18093,14432,30579,32.06
18095,98088,32041,75.38
18097,968609,8594,99.12
18099,12279,33816,26.64
18101,0,9812,0.0
18103,19578,16384,54.44
18105,110103,29615,78.8
18107,17863,20073,47.09
18109,32947,38833,45.9
18111,0,13830,0.0
18113,10587,36870,22.31
18115,0,5940,0.0
18117,0,19867,0.0
18119,0,21321,0.0
18121,101,16055,0.63
18123,8761,10409,45.7
18125,0,12250,0.0
18127,132372,40843,76.42
18129,7463,17759,29.59
18131,0,12514,0.0
18133,10190,26536,27.75
18135,8192,16310,33.43
18137,5403,23592,18.63
18139,6469,10283,38.62
18141,245568,27344,89.98
18143,7578,16806,31.08
18145,21360,23695,47.41
18147,0,19810,0.0
18149,0,23371,0.0
18151,12686,21749,36.84
18153,4874,15943,23.41
18155,0,9737,0.0
18157,157100,29151,84.35
18159,5907,9452,38.46
18161,0,7087,0.0
18163,165803,14333,92.04
18165,6383,9056,41.34
18167,79862,26291,75.23
18169,15442,15534,49.85
18171,0,8440,0.0
18173,46811,17087,73.26
18175,6617,21565,23.48
18177,41463,25090,62.3
18179,10346,17834,36.71
18181,9532,15156,38.61
18183,10570,23621,30.91
19001,0,7496,0.0
19003,0,3704,0.0
19005,0,14061,0.0
19007,5269,7048,42.78
19009,0,5674,0.0
19011,4780,20795,18.69
19013,114139,17005,87.03
19015,12511,14204,46.83
19017,9159,15829,36.65
19019,6771,13794,32.92
19021,11860,8963,56.96
19023,0,14334,0.0
19025,0,9927,0.0
19027,10150,10610,48.89
19029,6608,6519,50.34
19031,0,18505,0.0
19033,34360,8767,79.67
19035,4705,6953,40.36
19037,0,12012,0.0
19039,5283,4465,54.2
19041,10967,5417,66.94
19043,158,16885,0.93
19045,32453,14007,69.85
19047,8142,8383,49.27
19049,78398,21280,78.65
19051,0,9110,0.0
19053,0,7645,0.0
19055,4913,12575,28.09
19057,28413,10497,73.02
19059,12956,4747,73.19
19061,67774,31492,68.28
19063,5774,3614,61.5
19065,5871,13638,30.09
19067,7255,8372,46.43
19069,0,10019,0.0
19071,9,6596,0.14
19073,0,8771,0.0
19075,0,12329,0.0
19077,0,10623,0.0
19079,7606,7433,50.58
19081,0,10795,0.0
19083,5058,11820,29.97
19085,0,14582,0.0
19087,9284,11198,45.33
19089,0,9469,0.0
19091,5339,4258,55.63
19093,0,7005,0.0
19095,0,16662,0.0
19097,6098,13387,31.3
19099,15943,21870,42.16
19101,9211,6452,58.81
19103,127396,25458,83.34
19105,5411,15235,26.21
19107,0,10033,0.0
19109,5443,9385,36.71
19111,19815,13740,59.05
19113,198767,31532,86.31
19115,0,10837,0.0
19117,0,8634,0.0
19119,0,11934,0.0
19121,5077,11471,30.68
19123,12541,9649,56.52
19125,17721,15693,53.03
19127,27381,12724,68.27
19129,5009,9475,34.58
19131,0,10565,0.0
19133,0,8751,0.0
19135,0,7577,0.0
19137,5516,4814,53.4
19139,25144,18091,58.16
19141,5131,9051,36.18
19143,0,6192,0.0
19145,10076,5135,66.24
19147,0,8996,0.0
19149,10138,15560,39.45
19151,0,7078,0.0
19153,470374,22027,95.53
19155,68447,25220,73.07
19157,9486,9176,50.83
19159,0,4663,0.0
19161,0,9814,0.0
19163,151477,23192,86.72
19165,4713,7033,40.12
19167,15565,20307,43.39
19169,73069,25468,74.15
19171,5263,11872,30.71
19173,0,5896,0.0
19175,7507,4631,61.85
19177,0,7203,0.0
19179,25019,10418,70.6
19181,27735,24668,52.93
19183,6846,15719,30.34
19185,0,6497,0.0
19187,24699,12300,66.76
19189,0,10679,0.0
19191,7993,12077,39.83
19193,88855,17086,83.87
19195,0,7443,0.0
19197,0,12943,0.0
20001,5845,6681,46.66
20003,0,7836,0.0
20005,10907,5441,66.72
20007,0,4228,0.0
20009,14766,10727,57.92
20011,7439,6921,51.8
20013,0,9508,0.0
20015,36317,31063,53.9
20017,0,2572,0.0
20019,0,3379,0.0
20021,0,19362,0.0
20023,0,2616,0.0
20025,0,1991,0.0
20027,4131,3986,50.89
20029,5031,4001,55.7
20031,0,8360,0.0
20033,0,1689,0.0
20035,23495,11054,68.0
20037,23120,15852,59.32
20039,0,2764,0.0
20041,6605,11797,35.89
20043,2127,5383,28.32
20045,101398,17387,85.36
20047,0,2907,0.0
20049,0,2483,0.0
20051,21880,7054,75.62
20053,0,6376,0.0
20055,30976,7494,80.52
20057,27702,6585,80.79
20059,12461,13535,47.93
20061,32469,4270,88.38
20063,0,2718,0.0
20065,0,2415,0.0
20067,5865,1487,79.77
20069,0,5653,0.0
20071,0,1284,0.0
20073,0,6016,0.0
20075,0,2518,0.0
20077,0,5485,0.0
20079,20378,13646,59.89
20081,0,3780,0.0
20083,0,1723,0.0
20085,0,13232,0.0
20087,160,18208,0.87
20089,0,2932,0.0
20091,585241,24622,95.96
20093,0,3983,0.0
20095,0,7470,0.0
20097,0,2460,0.0
20099,9433,10751,46.74
20101,0,1574,0.0
20103,54698,27183,66.8
20105,0,2939,0.0
20107,0,9591,0.0
20109,0,2762,0.0
20111,24082,8097,74.84
20113,14039,16184,46.45
20115,0,11823,0.0
20117,0,10038,0.0
20119,0,4055,0.0
20121,8417,25774,24.62
20123,0,5796,0.0
20125,17193,14293,54.61
20127,0,5386,0.0
20129,0,2701,0.0
20131,0,10273,0.0
20133,8710,7194,54.77
20135,0,2687,0.0
20137,0,5459,0.0
20139,0,15766,0.0
20141,0,3500,0.0
20143,0,5735,0.0
20145,3734,2519,59.72
20147,0,4981,0.0
20149,8735,16613,34.46
20151,6589,2568,71.96
20153,0,2561,0.0
20155,42475,19423,68.62
20157,0,4674,0.0
20159,0,9427,0.0
20161,64872,7087,90.15
20163,0,4919,0.0
20165,0,2956,0.0
20167,4066,2625,60.77
20169,46547,7756,85.72
20171,0,5151,0.0
20173,484957,38867,92.58
20175,19843,2121,90.34
20177,148796,30113,83.17
20179,0,2447,0.0
20181,4439,1488,74.89
20183,0,3570,0.0
20185,0,4072,0.0
20187,0,2084,0.0
20189,0,5250,0.0
20191,8360,14022,37.35
20193,5467,2463,68.94
20195,0,2808,0.0
20197,0,6877,0.0
20199,0,1512,0.0
20201,0,5530,0.0
20203,0,2152,0.0
20205,0,8624,0.0
20207,0,3115,0.0
20209,160294,8951,94.71
21001,5018,13885,26.55
21003,4637,15951,22.52
21005,13543,10309,56.78
21007,0,7728,0.0
21009,16859,27626,37.9
21011,0,12750,0.0
21013,9815,14282,40.73
21015,120378,15590,88.53
21017,11269,8983,55.64
21019,36779,11482,76.21
21021,19788,10826,64.64
21023,0,8400,0.0
21025,0,13718,0.0
21027,0,20432,0.0
21029,58002,24215,70.55
21031,0,12371,0.0
21033,6058,6591,47.89
21035,18958,18145,51.1
21037,77150,15926,82.89
21039,0,4826,0.0
21041,5471,5339,50.61
21043,5418,21209,20.35
21045,0,15941,0.0
21047,51598,21150,70.93
21049,26253,10719,71.01
21051,0,20345,0.0
21053,0,9253,0.0
21055,0,8990,0.0
21057,0,5888,0.0
21059,76433,26879,73.98
21061,0,12126,0.0
21063,0,7354,0.0
21065,4029,10134,28.45
21067,313127,9443,97.07
21069,0,15082,0.0
21071,7830,28112,21.79
21073,37836,13705,73.41
21075,2333,4182,35.81
21077,0,8690,0.0
21079,0,16953,0.0
21081,0,24941,0.0
21083,12256,24393,33.44
21085,6488,19932,24.56
21087,0,11107,0.0
21089,20612,15350,57.32
21091,780,8315,8.58
21093,73620,37082,66.5
21095,6147,20684,22.91
21097,6393,12299,34.2
21099,2252,17036,11.68
21101,28430,16363,63.47
21103,0,15678,0.0
21105,0,4521,0.0
21107,21328,24095,46.95
21109,0,12955,0.0
21111,770185,12784,98.37
21113,39885,13106,75.27
21115,5941,16739,26.19
21117,157703,11361,93.28
21119,0,14251,0.0
21121,11459,18734,37.95
21123,0,14867,0.0
21125,24424,38189,39.01
21127,3907,12386,23.98
21129,0,7395,0.0
21131,0,10513,0.0
21133,0,21548,0.0
21135,0,13080,0.0
21137,26,24249,0.11
21139,414,8474,4.66
21141,6641,20791,24.21
21143,0,8680,0.0
21145,49668,18207,73.18
21147,0,16888,0.0
21149,0,9152,0.0
21151,59157,33544,63.81
21153,0,11637,0.0
21155,6209,13372,31.71
21157,4691,26968,14.82
21159,0,11287,0.0
21161,7963,9157,46.51
21163,2821,27182,9.4
21165,0,6113,0.0
21167,9791,12850,43.24
21169,0,10286,0.0
21171,0,11338,0.0
21173,13920,14194,49.51
21175,0,13726,0.0
21177,11283,19645,36.48
21179,17682,29056,37.83
21181,0,7537,0.0
21183,5658,18114,23.8
21185,50595,17012,74.84
21187,0,11278,0.0
21189,0,4051,0.0
21191,0,14644,0.0
21193,7808,20665,27.42
21195,8927,49742,15.22
21197,0,13129,0.0
21199,30832,34202,47.41
21201,0,2193,0.0
21203,0,16037,0.0
21205,9375,15287,38.01
21207,0,17991,0.0
21209,38692,18463,67.7
21211,23185,24880,48.24
21213,11638,7956,59.4
21215,0,19490,0.0
21217,12789,13234,49.14
21219,0,12243,0.0
21221,0,14061,0.0
21223,0,8474,0.0
21225,0,13668,0.0
21227,97814,36740,72.69
21229,0,12027,0.0
21231,6681,12874,34.17
21233,0,13017,0.0
21235,13341,23371,36.34
21237,0,6562,0.0
21239,16863,10008,62.76
22001,22059,35517,38.31
22003,6700,16050,29.45
22005,112792,13708,89.16
22007,7469,13570,35.5
22009,6682,33011,16.83
22011,9879,26670,27.03
22013,0,12981,0.0
22015,93769,34977,72.83
22017,199874,37974,84.03
22019,162501,54284,74.96
22021,0,9645,0.0
22023,0,5617,0.0
22025,0,8906,0.0
22027,0,14170,0.0
22029,12308,6379,65.86
22031,5602,21210,20.89
22033,425454,31327,93.14
22035,0,7459,0.0
22037,0,19539,0.0
22039,8097,24253,25.03
22041,5142,14632,26.0
22043,0,22169,0.0
22045,47246,22683,67.56
22047,12559,17682,41.53
22049,5245,9786,34.89
22051,433855,6926,98.43
22053,9378,22872,29.08
22055,219802,21951,90.92
22057,74760,22797,76.63
22059,0,14791,0.0
22061,28839,19557,59.59
22063,87138,55144,61.24
22065,7159,2858,71.47
22067,12604,13025,49.18
22069,18935,18580,50.47
22071,382344,1653,99.57
22073,119964,40404,74.81
22075,15711,7804,66.81
22077,6794,13964,32.73
22079,78305,51718,60.22
22081,0,7620,0.0
22083,0,20043,0.0
22085,0,22155,0.0
22087,41411,2353,94.62
22089,43206,9343,82.22
22091,0,10920,0.0
22093,10181,10011,50.42
22095,37495,4982,88.27
22097,33680,48860,40.8
22099,24740,27027,47.79
22101,39763,9643,80.48
22103,203766,60804,77.02
22105,71922,61235,54.01
22107,0,4147,0.0
22109,86894,22686,79.3
22111,0,21107,0.0
22113,25276,32083,44.07
22115,20558,28192,42.17
22117,11019,34444,24.24
22119,18590,18377,50.29
22121,20099,7100,73.9
22123,0,9751,0.0
22125,0,15310,0.0
22127,4671,9084,33.96
23001,60743,50396,54.65
23003,9642,57463,14.37
23005,188977,114092,62.35
23007,0,29456,0.0
23009,0,55478,0.0
23011,46696,76946,37.77
23013,14528,26079,35.78
23015,3067,32170,8.7
23017,9956,47821,17.23
23019,65351,86848,42.94
23021,0,16800,0.0
23023,14171,22528,38.61
23025,7633,42844,15.12
23027,3754,35853,9.48
23029,0,31095,0.0
23031,101791,110181,48.02
24001,44279,23827,65.01
24003,544245,44016,92.52
24005,793614,60921,92.87
24009,35359,57424,38.11
24011,5009,28284,15.05
24013,99864,73027,57.76
24015,53576,50149,51.65
24017,119273,47344,71.59
24019,14978,17553,46.04
24021,196883,74834,72.46
24023,4548,24258,15.79
24025,206316,54608,79.07
24027,292846,39471,88.12
24029,5831,13367,30.37
24031,1033604,28457,97.32
24033,943654,23547,97.57
24035,20435,29439,40.97
24037,49215,64562,43.26
24039,9915,14705,40.27
24041,18033,19493,48.05
24043,104848,49857,67.77
24045,75754,27834,73.13
24047,30973,21487,59.04
24510,585708,0,100.0
25001,222599,6397,97.21
25003,84271,44755,65.31
25005,518709,60491,89.56
25007,14064,6536,68.27
25009,768086,41743,94.85
25011,32067,38962,45.15
25013,421444,44381,90.47
25015,115974,46334,71.45
25017,1574266,57736,96.46
25019,12011,2244,84.26
25021,711300,14681,97.98
25023,464652,66167,87.53
25025,797900,36,100.0
25027,679552,182559,78.82
26001,721,9446,7.09
26003,0,8842,0.0
26005,39069,81433,32.42
26007,15425,13482,53.36
26009,0,23431,0.0
26011,1869,13133,12.46
26013,0,8158,0.0
26015,8041,54382,12.88
26017,73801,30055,71.06
26019,2603,15367,14.49
26021,107872,46444,69.9
26023,13721,31141,30.58
26025,90871,43439,67.66
26027,13360,38229,25.9
26029,7868,18186,30.2
26031,5410,20169,21.15
26033,17977,18808,48.87
26035,3796,27060,12.3
26037,38520,40608,48.68
26039,21,12967,0.16
26041,21159,15744,57.34
26043,16801,9146,64.75
26045,67705,41470,62.02
26047,12577,21535,36.87
26049,332284,73927,81.8
26051,0,25386,0.0
26053,5165,9215,35.92
26055,54121,41117,56.83
26057,17417,24344,41.71
26059,10642,35104,23.26
26061,20470,16891,54.79
26063,0,31407,0.0
26065,243397,41503,85.43
26067,26042,40762,38.98
26069,12681,12556,50.25
26071,0,11631,0.0
26073,30738,33656,47.73
26075,84538,75828,52.72
26077,205048,56622,78.36
26079,0,17939,0.0
26081,551457,106517,83.81
26083,0,2046,0.0
26085,0,12096,0.0
26087,12451,76168,14.05
26089,2769,19532,12.42
26091,42890,56533,43.14
26093,117264,76602,60.49
26095,0,5339,0.0
26097,2744,8090,25.33
26099,852930,28287,96.79
26101,8093,16939,32.33
26103,35980,30037,54.5
26105,11883,17169,40.9
26107,10136,29578,25.52
26109,8656,14846,36.83
26111,47411,36083,56.78
26113,0,15052,0.0
26115,96413,58396,62.28
26117,10265,56349,15.41
26119,0,9153,0.0
26121,130086,45738,73.99
26123,5165,44813,10.33
26125,1203765,70630,94.46
26127,0,26659,0.0
26129,0,20770,0.0
26131,0,5816,0.0
26133,0,22891,0.0
26135,0,8219,0.0
26137,8476,16615,33.78
26139,233409,62791,78.8
26141,0,12982,0.0
26143,13167,10292,56.13
26145,128115,62009,67.38
26147,97022,63361,60.49
26149,22109,38830,36.28
26151,2581,38030,6.36
26153,0,8047,0.0
26155,27385,40709,40.22
26157,5383,47940,10.1
26159,16590,58997,21.95
26161,308249,64009,82.81
26163,1777476,16085,99.1
26165,12208,21465,36.25
27001,0,15697,0.0
27003,306020,57867,84.1
27005,10234,24949,29.09
27007,14849,31379,32.12
27009,22744,18635,54.97
27011,0,5166,0.0
27013,45909,23203,66.43
27015,13435,12477,51.85
27017,13213,22994,36.49
27019,80565,26357,75.35
27021,0,30066,0.0
27023,5391,7207,42.79
27025,19446,37175,34.34
27027,48471,16847,74.21
27029,0,8524,0.0
27031,0,5600,0.0
27033,0,11517,0.0
27035,20687,45436,31.29
27037,417971,21911,95.02
27039,7649,13218,36.66
27041,18957,20049,48.6
27043,0,13921,0.0
27045,0,21228,0.0
27047,17992,12903,58.24
27049,15744,31838,33.09
27051,0,6074,0.0
27053,1250960,30605,97.61
27055,5461,13382,28.98
27057,0,21344,0.0
27059,16749,24386,40.72
27061,10348,34666,22.99
27063,0,9989,0.0
27065,0,16032,0.0
27067,24944,18788,57.04
27069,0,4207,0.0
27071,6575,5487,54.51
27073,0,6719,0.0
27075,0,10905,0.0
27077,0,3763,0.0
27079,4079,24595,14.23
27081,0,5640,0.0
27083,13508,11761,53.46
27085,20408,16363,55.5
27087,0,5411,0.0
27089,0,9040,0.0
27091,8387,11638,41.88
27093,6569,16831,28.07
27095,4803,21656,18.15
27097,9411,24599,27.67
27099,25479,14550,63.65
27101,0,8179,0.0
27103,25768,8686,74.79
27105,13800,8490,61.91
27107,0,6441,0.0
27109,134563,28284,82.63
27111,13266,46815,22.08
27113,8892,5100,63.55
27115,0,28876,0.0
27117,0,9424,0.0
27119,16677,14515,53.47
27121,4202,7106,37.16
27123,552241,111,99.98
27125,0,3935,0.0
27127,4608,10817,29.87
27129,0,14723,0.0
27131,45500,21597,67.81
27133,4808,4896,49.55
27135,0,15331,0.0
27137,121565,78666,60.71
27139,123607,27321,81.9
27141,47689,49494,49.07
27143,0,14836,0.0
27145,98159,60133,62.01
27147,26278,11128,70.25
27149,5030,4641,52.01
27151,0,9838,0.0
27153,146,25116,0.58
27155,0,3360,0.0
27157,4025,17362,18.82
27159,3960,10105,28.15
27161,9211,9757,48.56
27163,231804,35764,86.63
27165,0,11253,0.0
27167,3386,3120,52.04
27169,29633,20038,59.66
27171,85978,55359,60.83
27173,0,9528,0.0
28001,18763,10775,63.52
28003,12464,22276,35.88
28005,0,12720,0.0
28007,6716,11173,37.54
28009,0,7646,0.0
28011,14346,16639,46.3
28013,0,13266,0.0
28015,0,9998,0.0
28017,0,17106,0.0
28019,0,8246,0.0
28021,0,9135,0.0
28023,0,15615,0.0
28025,8134,10502,43.65
28027,14408,6982,67.36
28029,5057,23311,17.83
28031,0,18340,0.0
28033,144728,40586,78.1
28035,51118,27040,65.4
28037,0,7675,0.0
28039,0,24350,0.0
28041,0,13530,0.0
28043,10276,11353,47.51
28045,28433,17620,61.74
28047,168621,40000,80.83
28049,187705,40037,82.42
28051,0,17000,0.0
28053,0,7785,0.0
28055,0,1338,0.0
28057,0,23863,0.0
28059,99788,43464,69.66
28061,0,16367,0.0
28063,0,7260,0.0
28065,0,11321,0.0
28067,25201,42045,37.48
28069,0,8988,0.0
28071,33518,22295,60.05
28073,29703,34519,46.25
28075,33809,39175,46.32
28077,0,12016,0.0
28079,0,21275,0.0
28081,40233,43110,48.27
28083,19475,8864,68.72
28085,10152,24755,29.08
28087,26895,31984,45.68
28089,81032,28113,74.24
28091,6236,18205,25.51
28093,5559,28193,16.47
28095,5977,28203,17.49
28097,0,9822,0.0
28099,7114,21973,24.46
28101,0,21291,0.0
28103,0,10285,0.0
28105,32812,18976,63.36
28107,6273,26935,18.89
28109,16301,39844,29.03
28111,0,11511,0.0
28113,15327,24997,38.01
28115,0,31184,0.0
28117,6438,18570,25.74
28119,0,6176,0.0
28121,105213,51818,67.0
28123,0,27990,0.0
28125,0,3800,0.0
28127,0,25949,0.0
28129,0,14209,0.0
28131,0,18333,0.0
28133,9341,16630,35.97
28135,0,12715,0.0
28137,6817,21247,24.29
28139,0,21815,0.0
28141,0,18850,0.0
28143,0,9782,0.0
28145,6763,21014,24.35
28147,0,13884,0.0
28149,25717,19005,57.5
28151,29267,15655,65.15
28153,0,19779,0.0
28155,0,9926,0.0
28157,0,8587,0.0
28159,0,17714,0.0
28161,0,12481,0.0
28163,15060,11683,56.31
29001,16846,8468,66.55
29003,7179,10956,39.59
29005,0,5305,0.0
29007,11351,13611,45.47
29009,6038,28496,17.48
29011,0,11637,0.0
29013,0,16042,0.0
29015,0,19394,0.0
29017,0,10567,0.0
29019,141831,41779,77.25
29021,73134,11659,86.25
29023,20449,21681,48.54
29025,0,8815,0.0
29027,17663,26620,39.89
29029,18700,24045,43.75
29031,55399,26311,67.8
29033,0,8495,0.0
29035,0,5202,0.0
29037,75842,31982,70.34
29039,0,14188,0.0
29041,0,7408,0.0
29043,51307,37535,57.75
29045,0,6634,0.0
29047,232835,20500,91.91
29049,5132,16052,24.23
29051,50775,26504,65.7
29053,8034,9069,46.97
29055,1567,21489,6.8
29057,0,7569,0.0
29059,0,17071,0.0
29061,0,8430,0.0
29063,3318,7711,30.08
29065,4684,9737,32.48
29067,0,11578,0.0
29069,10560,17723,37.34
29071,47118,57564,45.01
29073,0,14794,0.0
29075,0,6162,0.0
29077,256644,42271,85.86
29079,5426,4382,55.32
29081,0,8157,0.0
29083,8866,13080,40.4
29085,0,8279,0.0
29087,0,4223,0.0
29089,0,10151,0.0
29091,11852,27898,29.82
29093,0,9537,0.0
29095,686587,30617,95.73
29097,93953,28808,76.53
29099,147898,78841,65.23
29101,25511,28502,47.23
29103,0,3744,0.0
29105,14710,21329,40.82
29107,10121,22863,30.68
29109,10819,27182,28.47
29111,0,10032,0.0
29113,16669,42905,27.98
29115,3869,8005,32.58
29117,9122,5435,62.66
29119,25,23278,0.11
29121,5359,9850,35.24
29123,4986,7640,39.49
29125,0,8432,0.0
29127,17414,11111,61.05
29129,0,3538,0.0
29131,5819,18903,23.54
29133,0,12577,0.0
29135,0,15473,0.0
29137,0,8666,0.0
29139,0,11322,0.0
29141,0,21006,0.0
29143,2066,14368,12.57
29145,21566,37082,36.77
29147,11212,10029,52.78
29149,0,8635,0.0
29151,0,13274,0.0
29153,0,8553,0.0
29155,5319,10342,33.96
29157,8062,10894,42.53
29159,26043,16937,60.59
29161,20610,24028,46.17
29163,0,17587,0.0
29165,92160,14558,86.36
29167,10324,21195,32.75
29169,31672,22283,58.7
29171,0,4681,0.0
29173,258,10097,2.49
29175,12163,12553,49.21
29177,6005,17153,25.93
29179,0,6096,0.0
29181,0,10679,0.0
29183,382330,22932,94.34
29185,0,9284,0.0
29186,4988,13491,26.99
29187,39500,27422,59.02
29189,990523,13602,98.65
29195,13471,9862,57.73
29197,0,4032,0.0
29199,0,4716,0.0
29201,20553,17506,54.0
29203,0,7031,0.0
29205,0,6103,0.0
29207,9635,19037,33.6
29209,5305,25771,17.07
29211,0,5999,0.0
29213,35225,20841,62.83
29215,151,24336,0.62
29217,8529,11178,43.28
29219,9398,26134,26.45
29221,0,23514,0.0
29223,0,10974,0.0
29225,7537,31548,19.28
29227,0,1973,0.0
29229,4068,14120,22.37
29510,301578,0,100.0
30001,4429,4942,47.26
30003,0,13124,0.0
30005,0,7044,0.0
30007,0,6774,0.0
30009,0,10473,0.0
30011,0,1415,0.0
30013,67097,17317,79.49
30015,0,5895,0.0
30017,9227,2640,77.75
30019,0,1661,0.0
30021,6675,2265,74.66
30023,6697,2724,71.09
30025,0,3049,0.0
30027,6024,5422,52.63
30029,50618,53739,48.5
30031,77614,41346,65.24
30033,0,1173,0.0
30035,0,13778,0.0
30037,0,823,0.0
30039,0,3309,0.0
30041,9826,6483,60.25
30043,0,12085,0.0
30045,0,2023,0.0
30047,5564,25570,17.87
30049,52380,18593,73.8
30051,0,1959,0.0
30053,4341,15336,22.06
30055,0,1729,0.0
30057,0,8623,0.0
30059,0,1927,0.0
30061,0,4535,0.0
30063,88109,29813,74.72
30065,0,4730,0.0
30067,9350,7841,54.39
30069,0,496,0.0
30071,0,4217,0.0
30073,0,5898,0.0
30075,0,1694,0.0
30077,0,6946,0.0
30079,0,1088,0.0
30081,6870,37304,15.55
30083,6522,4969,56.76
30085,0,10794,0.0
30087,0,8329,0.0
30089,0,12400,0.0
30091,0,3539,0.0
30093,30258,4875,86.12
30095,0,8963,0.0
30097,0,3678,0.0
30099,0,6226,0.0
30101,0,4971,0.0
30103,0,762,0.0
30105,0,7578,0.0
30107,0,2069,0.0
30109,0,937,0.0
30111,137576,27155,83.52
31001,24807,6398,79.5
31003,0,6295,0.0
31005,0,434,0.0
31007,0,674,0.0
31009,0,431,0.0
31011,0,5379,0.0
31013,8119,2723,74.88
31015,0,1810,0.0
31017,0,2903,0.0
31019,34526,15558,68.94
31021,0,6722,0.0
31023,0,8369,0.0
31025,6655,19943,25.02
31027,0,8380,0.0
31029,0,3893,0.0
31031,0,5455,0.0
31033,6232,3236,65.82
31035,0,6104,0.0
31037,6522,4060,61.63
31039,0,9013,0.0
31041,0,10545,0.0
31043,17135,4447,79.39
31045,4930,3269,60.13
31047,10438,13673,43.29
31049,0,1838,0.0
31051,0,5606,0.0
31053,28292,8875,76.12
31055,570286,14240,97.56
31057,0,1654,0.0
31059,0,5551,0.0
31061,0,2889,0.0
31063,0,2519,0.0
31065,0,4636,0.0
31067,12142,9562,55.94
31069,0,1874,0.0
31071,0,1813,0.0
31073,0,1893,0.0
31075,0,611,0.0
31077,0,2188,0.0
31079,55099,7796,87.6
31081,0,9429,0.0
31083,0,3073,0.0
31085,0,856,0.0
31087,0,2616,0.0
31089,0,10127,0.0
31091,0,711,0.0
31093,0,6475,0.0
31095,4011,3229,55.4
31097,0,5290,0.0
31099,0,6688,0.0
31101,4721,3614,56.64
31103,0,769,0.0
31105,0,3434,0.0
31107,0,8391,0.0
31109,291217,31391,90.27
31111,23582,11094,68.01
31113,0,716,0.0
31115,0,607,0.0
31117,0,399,0.0
31119,25849,9736,72.64
31121,0,7668,0.0
31123,0,4555,0.0
31125,0,3380,0.0
31127,0,7074,0.0
31129,0,4095,0.0
31131,7020,8892,44.12
31133,0,2544,0.0
31135,0,2858,0.0
31137,5454,3514,60.82
31139,0,7317,0.0
31141,24838,9458,72.42
31143,0,5214,0.0
31145,7395,3307,69.1
31147,4133,3738,52.51
31149,0,1262,0.0
31151,6959,7333,48.69
31153,180775,9829,94.84
31155,4782,17496,21.47
31157,25104,10980,69.57
31159,7473,10136,42.44
31161,0,5127,0.0
31163,0,2959,0.0
31165,0,1135,0.0
31167,1558,4284,26.67
31169,0,5034,0.0
31171,0,669,0.0
31173,0,6773,0.0
31175,0,4059,0.0
31177,8001,12864,38.35
31179,5980,3717,61.67
31181,0,3395,0.0
31183,0,774,0.0
31185,7968,6157,56.41
32001,16753,8763,65.66
32003,2236714,28747,98.73
32005,34775,14713,70.27
32007,25885,27817,48.2
32009,0,729,0.0
32011,0,1855,0.0
32013,10546,6739,61.01
32015,0,5734,0.0
32017,0,4499,0.0
32019,32801,26434,55.37
32021,0,4554,0.0
32023,37498,14093,72.68
32027,0,6650,0.0
32029,446,3658,10.87
32031,466197,20295,95.83
32033,4455,4625,49.06
32510,55133,3506,94.02
33001,29015,34690,45.55
33003,5272,44835,10.52
33005,23611,52847,30.88
33007,9658,21610,30.89
33009,31276,59842,34.32
33011,319583,103354,75.56
33013,69752,84056,45.35
33015,223033,91143,70.99
33017,82805,48084,63.26
33019,9415,33648,21.86
34001,233532,41002,85.06
34003,954575,1157,99.88
34005,416738,45122,90.23
34007,516639,6846,98.69
34009,77548,17715,81.4
34011,116399,37753,75.51
34013,863609,119,99.99
34015,268084,34210,88.68
34017,724854,0,100.0
34019,53710,75237,41.65
34021,367671,19669,94.92
34023,854733,8429,99.02
34025,610605,33010,94.87
34027,465716,43569,91.45
34029,613695,23534,96.31
34031,509279,14839,97.17
34033,30371,34466,46.84
34035,319350,26011,92.47
34037,74077,70144,51.36
34039,575345,0,100.0
34041,62249,47383,56.78
35001,649512,26932,96.02
35003,0,3579,0.0
35005,48831,16326,74.94
35006,9972,17200,36.7
35007,5629,6758,45.44
35009,39314,9116,81.18
35011,0,1698,0.0
35013,170190,49371,77.51
35015,48591,13723,77.98
35017,16792,11393,59.58
35019,0,4452,0.0
35021,0,657,0.0
35023,0,4178,0.0
35025,55922,18533,75.11
35027,11042,9227,54.48
35028,18452,967,95.02
35029,14913,10514,58.65
35031,24448,48454,33.54
35033,0,4189,0.0
35035,30801,37038,45.4
35037,5217,3529,59.65
35039,17596,22767,43.59
35041,12202,6989,63.58
35043,120325,28509,80.85
35045,78832,42829,64.8
35047,14530,12671,53.42
35049,100576,54247,64.96
35051,7713,3863,66.63
35053,8122,8473,48.94
35055,15665,18824,45.42
35057,0,15045,0.0
35059,0,4079,0.0
35061,53365,22840,70.03
36001,284723,30125,90.43
36003,5339,41117,11.49
36005,1472653,1,100.0
36007,149117,49566,75.05
36009,29423,47619,38.19
36011,31433,44815,41.22
36013,71400,56257,55.93
36015,62348,21800,74.09
36017,7858,39362,16.64
36019,28958,50885,36.27
36021,10610,50960,17.23
36023,24866,21943,53.12
36025,4188,40120,9.45
36027,201990,93921,68.26
36029,855868,98368,89.69
36031,5046,32335,13.5
36033,14171,33384,29.8
36035,26286,27038,49.29
36037,22117,36271,37.88
36039,12841,35090,26.79
36041,0,5107,0.0
36043,28505,31634,47.4
36045,59084,57637,50.62
36047,2736074,0,100.0
36049,0,26582,0.0
36051,17698,44136,28.62
36053,20976,47040,30.84
36055,697775,61668,91.88
36057,27031,22501,54.57
36059,1389785,5989,99.57
36061,1694251,0,100.0
36063,148925,63741,70.03
36065,152372,79753,65.64
36067,406757,69759,85.36
36069,62014,50444,55.14
36071,290620,110690,72.42
36073,13495,26848,33.45
36075,43806,73719,37.27
36077,15969,42555,27.29
36079,63463,34205,64.98
36081,2405390,74,100.0
36083,107745,53385,66.87
36085,495747,0,100.0
36087,337010,1319,99.61
36089,35877,72628,33.06
36091,168425,67084,71.52
36093,144075,13986,91.15
36095,5040,24674,16.96
36097,0,17898,0.0
36099,14230,19584,42.08
36101,37642,55942,40.22
36103,1495948,29972,98.04
36105,19612,59012,24.94
36107,16277,32178,33.59
36109,59102,46638,55.89
36111,79790,102061,43.88
36113,44599,21138,67.84
36115,15020,46282,24.5
36117,23022,68261,25.22
36119,958924,45533,95.47
36121,4066,36465,10.03
36123,7790,16984,31.44
37001,126085,45330,73.56
37003,3978,32466,10.92
37005,0,10888,0.0
37007,4903,17152,22.23
37009,0,26577,0.0
37011,0,17806,0.0
37013,16509,28143,36.97
37015,0,17934,0.0
37017,0,29606,0.0
37019,86962,49731,63.62
37021,209355,60097,77.7
37023,47355,40215,54.08
37025,186803,39001,82.73
37027,46116,34536,57.18
37029,543,9812,5.24
37031,46976,20710,69.4
37033,39,22697,0.17
37035,104144,56466,64.84
37037,27435,48850,35.96
37039,0,28774,0.0
37041,4329,9379,31.58
37043,0,11089,0.0
37045,37617,61902,37.8
37047,5216,45407,10.3
37049,65089,35631,64.62
37051,288396,46332,86.16
37053,1157,26943,4.12
37055,28764,8151,77.92
37057,88326,80604,52.29
37059,12625,30087,29.56
37061,0,48715,0.0
37063,308224,16609,94.89
37065,26995,21905,55.2
37067,353584,29006,92.42
37069,14474,54099,21.11
37071,184950,42993,81.14
37073,0,10478,0.0
37075,0,8030,0.0
37077,17423,43569,28.57
37079,0,20451,0.0
37081,464669,76630,85.84
37083,21365,27257,43.94
37085,47876,85692,35.84
37087,32979,29110,53.12
37089,76421,39860,65.72
37091,4861,16691,22.55
37093,29890,22192,57.39
37095,0,4589,0.0
37097,127215,59478,68.14
37099,14370,28739,33.33
37101,101511,114488,47.0
37103,0,9172,0.0
37105,36641,26644,57.9
37107,21050,34072,38.19
37109,22797,64013,26.26
37111,12031,32547,26.99
37113,9358,27656,25.28
37115,0,21193,0.0
37117,5522,16509,25.06
37119,1106063,9419,99.16
37121,0,14903,0.0
37123,0,25751,0.0
37125,50319,49408,50.46
37127,47797,47173,50.33
37129,221841,3861,98.29
37131,2035,15436,11.65
37133,130383,74193,63.73
37135,105508,43188,70.96
37137,0,12276,0.0
37139,22291,18277,54.95
37141,23474,36729,38.99
37143,0,13005,0.0
37145,9500,29597,24.3
37147,124530,45713,73.15
37149,1659,17669,8.58
37151,57403,86768,39.82
37153,23833,19113,55.5
37155,27950,88580,23.99
37157,35603,55493,39.08
37159,84883,61992,57.79
37161,20760,43684,32.21
37163,9315,49721,15.78
37165,16225,17949,47.48
37167,16988,45516,27.18
37169,8671,35849,19.48
37171,17354,54005,24.32
37173,0,14117,0.0
37175,13059,19927,39.59
37177,0,3245,0.0
37179,172427,65840,72.37
37181,19894,22684,46.72
37183,1071162,58248,94.84
37185,0,18642,0.0
37187,0,11003,0.0
37189,27636,26450,51.1
37191,54456,62877,46.41
37193,19890,46079,30.15
37195,48890,29894,62.06
37197,0,37214,0.0
37199,0,18470,0.0
38001,0,2200,0.0
38003,6547,4306,60.32
38005,0,5964,0.0
38007,0,945,0.0
38009,0,6379,0.0
38011,0,2993,0.0
38013,0,2201,0.0
38015,74525,23933,75.69
38017,167743,16782,90.91
38019,0,3704,0.0
38021,0,4999,0.0
38023,0,2195,0.0
38025,0,4095,0.0
38027,0,2347,0.0
38029,0,3301,0.0
38031,0,3397,0.0
38033,0,1736,0.0
38035,59101,14069,80.77
38037,0,2301,0.0
38039,0,2306,0.0
38041,0,2489,0.0
38043,0,2394,0.0
38045,0,4093,0.0
38047,0,1876,0.0
38049,0,5345,0.0
38051,0,2530,0.0
38053,6687,8017,45.48
38055,0,9771,0.0
38057,0,8350,0.0
38059,23673,9618,71.11
38061,0,9809,0.0
38063,0,3015,0.0
38065,0,1877,0.0
38067,0,6844,0.0
38069,0,3990,0.0
38071,7493,4112,64.57
38073,0,5703,0.0
38075,0,2282,0.0
38077,7904,8625,47.82
38079,0,12187,0.0
38081,0,3862,0.0
38083,0,1265,0.0
38085,0,3898,0.0
38087,0,706,0.0
38089,25674,7972,76.31
38091,0,1798,0.0
38093,15207,6386,70.43
38095,0,2162,0.0
38097,0,7997,0.0
38099,0,10563,0.0
38101,50925,18994,72.83
38103,0,3982,0.0
38105,29510,11440,72.06
39001,0,27477,0.0
39003,70547,31659,69.02
39005,19206,33241,36.62
39007,46848,50726,48.01
39009,32029,30402,51.3
39011,28454,17968,61.29
39013,25595,40902,38.49
39015,1836,41840,4.2
39017,352841,37516,90.39
39019,0,26721,0.0
39021,11375,27339,29.38
39023,101477,34524,74.61
39025,153803,54798,73.73
39027,12546,29472,29.86
39029,45338,56539,44.5
39031,12334,24278,33.69
39033,27701,14324,65.92
39035,1257664,7153,99.43
39037,14667,37214,28.27
39039,17775,20511,46.43
39041,170594,43530,79.67
39043,54305,21317,71.81
39045,102362,56559,64.41
39047,15029,13922,51.91
39049,1305636,18171,98.63
39051,7623,35090,17.85
39053,5737,23483,19.63
39055,20459,74938,21.45
39057,130300,37666,77.58
39059,14427,24011,37.53
39061,810853,19786,97.62
39063,51089,23831,68.19
39065,13376,17320,43.58
39067,0,14483,0.0
39069,8868,18794,32.06
39071,11384,31933,26.28
39073,8244,19806,29.39
39075,0,44223,0.0
39077,28447,30118,48.57
39079,11677,20976,35.76
39081,39623,25626,60.73
39083,18993,43728,30.28
39085,215134,17469,92.49
39087,31870,26370,54.72
39089,118214,60305,66.22
39091,20475,25675,44.37
39093,268324,44640,85.74
39095,409779,21500,95.01
39097,14830,28994,33.84
39099,192851,35763,84.36
39101,42688,22671,65.31
39103,120322,62148,65.94
39105,2659,19551,11.97
39107,12080,30448,28.4
39109,75508,33266,69.42
39111,179,13206,1.34
39113,507630,29679,94.48
39115,0,13802,0.0
39117,4,34946,0.01
39119,42301,44109,48.95
39121,0,14115,0.0
39123,15150,25214,37.53
39125,0,18806,0.0
39127,6919,28489,19.54
39129,23149,35390,39.54
39131,4969,22119,18.34
39133,100317,61474,62.0
39135,9734,31265,23.74
39137,5433,29018,15.77
39139,82890,42046,66.35
39141,31727,45366,41.15
39143,33425,25471,56.75
39145,33053,40955,44.66
39147,29958,25111,54.4
39149,20734,27496,42.99
39151,319531,55322,85.24
39153,519989,20439,96.22
39155,147084,54893,72.82
39157,46776,46487,50.15
39159,34527,28257,54.99
39161,14343,14588,49.58
39163,727,12073,5.68
39165,199886,42451,82.48
39167,24902,34869,41.66
39169,51620,65274,44.16
39171,9238,27864,24.9
39173,92480,39768,69.93
39175,6628,15272,30.26
40001,0,19495,0.0
40003,0,5699,0.0
40005,0,14143,0.0
40007,0,5049,0.0
40009,11124,11286,49.64
40011,0,8735,0.0
40013,19324,26743,41.95
40015,5005,21940,18.57
40017,124264,30141,80.48
40019,21403,26600,44.59
40021,17975,29103,38.18
40023,4992,9212,35.15
40025,0,2296,0.0
40027,249086,46442,84.29
40029,0,5266,0.0
40031,87464,33661,72.21
40033,0,5527,0.0
40035,5068,9039,35.93
40037,26926,44828,37.53
40039,20098,8415,70.49
40041,8205,32192,20.31
40043,0,4484,0.0
40045,0,3749,0.0
40047,50194,12652,79.87
40049,5608,20048,21.86
40051,15253,39542,27.84
40053,0,4169,0.0
40055,0,5491,0.0
40057,0,2488,0.0
40059,0,3272,0.0
40061,0,11561,0.0
40063,4264,9103,31.9
40065,18870,5915,76.13
40067,0,5337,0.0
40069,0,10272,0.0
40071,30116,13584,68.92
40073,0,15184,0.0
40075,0,8509,0.0
40077,0,9444,0.0
40079,9637,38492,20.02
40081,0,33458,0.0
40083,18852,30703,38.04
40085,0,10146,0.0
40087,5407,36255,12.98
40089,5523,25291,17.92
40091,0,18941,0.0
40093,0,7782,0.0
40095,0,15312,0.0
40097,9436,29610,24.17
40099,4847,9057,34.86
40101,35798,30541,53.96
40103,4445,6479,40.69
40105,675,8645,7.24
40107,0,11310,0.0
40109,735843,60449,92.41
40111,17223,19483,46.92
40113,12342,33476,26.94
40115,15348,14937,50.68
40117,0,15553,0.0
40119,54832,26814,67.16
40121,19542,24231,44.64
40123,17264,20801,45.35
40125,34245,38209,47.26
40127,0,10812,0.0
40129,0,3442,0.0
40131,43013,52227,45.16
40133,6283,17273,26.67
40135,7513,31768,19.13
40137,20353,22495,47.5
40139,12516,8868,58.53
40141,0,6968,0.0
40143,634925,34354,94.87
40145,51508,29473,63.61
40147,39399,13056,75.11
40149,0,10924,0.0
40151,5145,3479,59.66
40153,11458,9012,55.97
41001,9768,6900,58.6
41003,76713,18471,80.59
41005,349301,72100,82.89
41007,25008,16064,60.89
41009,30910,21679,58.78
41011,40165,24764,61.86
41013,12407,12331,50.15
41015,11294,12152,48.17
41017,140281,57972,70.76
41019,66299,44902,59.62
41021,0,1995,0.0
41023,0,7233,0.0
41025,4169,3326,55.62
41027,11558,12419,48.2
41029,177278,45981,79.4
41031,8087,16415,33.01
41033,50086,38004,56.86
41035,43208,26205,62.25
41037,0,8160,0.0
41039,313918,69053,81.97
41041,31245,19150,62.0
41043,84567,44043,65.75
41045,12985,18586,41.13
41047,292810,53110,84.65
41049,0,12186,0.0
41051,804977,10451,98.72
41053,69592,17841,79.59
41055,0,1870,0.0
41057,10776,16614,39.34
41059,54661,25414,68.26
41061,14954,11242,57.09
41063,0,7391,0.0
41065,17398,9272,65.23
41067,567381,32991,94.5
41069,0,1451,0.0
41071,79188,28534,73.51
42001,38158,65694,36.74
42003,1220381,30197,97.59
42005,22982,42576,35.06
42007,119565,48650,71.08
42009,4447,43130,9.35
42011,314969,113880,73.45
42013,91209,31613,74.26
42015,16204,43763,27.02
42017,579965,66573,89.7
42019,109847,83916,56.69
42021,71963,61509,53.92
42023,0,4547,0.0
42025,26599,38150,41.08
42027,103367,54805,65.35
42029,431206,103207,80.69
42031,5662,31579,15.2
42033,31170,49392,38.69
42035,19510,17940,52.1
42037,35777,28950,55.27
42039,28717,55221,34.21
42041,205275,54194,79.11
42043,243938,42463,85.17
42045,572303,4527,99.22
42047,13661,17329,44.08
42049,205913,64963,76.02
42051,57826,70978,44.89
42053,0,6973,0.0
42055,86571,69361,55.52
42057,0,14556,0.0
42059,8754,27200,24.35
42061,11311,32781,25.65
42063,33430,49816,40.16
42065,11804,32688,26.53
42067,0,23509,0.0
42069,178000,37896,82.45
42071,398837,154147,72.12
42073,49559,36511,57.58
42075,106890,36367,74.61
42077,337596,36961,90.13
42079,253239,72355,77.78
42081,68012,46176,59.56
42083,11163,29269,27.61
42085,57601,53051,52.06
42087,20999,25144,45.51
42089,72784,95543,43.24
42091,827974,28579,96.66
42093,8291,9845,45.72
42095,260194,52757,83.14
42097,59333,32314,64.74
42099,2972,42870,6.48
42101,1603797,0,100.0
42103,7473,51062,12.77
42105,0,16396,0.0
42107,75723,67326,52.94
42109,11783,27953,29.65
42111,16607,57522,22.4
42113,0,5840,0.0
42115,0,38434,0.0
42117,0,41045,0.0
42119,15706,26975,36.8
42121,22166,28288,43.93
42123,14668,23919,38.01
42125,141659,67690,67.67
42127,7051,44104,13.78
42129,260739,93924,73.52
42131,1219,24850,4.68
42133,326551,129887,71.54
44001,50219,574,98.87
44003,158013,12350,92.75
44005,78361,7282,91.5
44007,626426,34315,94.81
44009,86172,43667,66.37
45001,5107,19188,21.02
45003,106316,62492,62.98
45005,0,8039,0.0
45007,118856,84862,58.34
45009,0,13311,0.0
45011,0,20589,0.0
45013,152311,34806,81.4
45015,179131,50730,77.93
45017,0,14119,0.0
45019,371249,36986,90.94
45021,19042,37174,33.87
45023,8611,23683,26.66
45025,7284,35989,16.83
45027,4522,26622,14.52
45029,9229,29375,23.91
45031,26977,35928,42.89
45033,8484,19808,29.99
45035,137764,23776,85.28
45037,3083,22574,12.02
45039,4759,16189,22.72
45041,83320,53739,60.79
45043,36656,26748,57.81
45045,463016,62518,88.1
45047,41831,27520,60.32
45049,0,18561,0.0
45051,265294,85735,75.58
45053,3124,25667,10.85
45055,30862,34541,47.19
45057,59591,36425,62.06
45059,24300,43239,35.98
45061,0,16531,0.0
45063,220039,73952,74.85
45065,0,9526,0.0
45067,11933,17250,40.89
45069,9271,17396,34.77
45071,12342,25377,32.72
45073,28497,50110,36.25
45075,29072,55151,34.52
45077,82050,49354,62.44
45079,380532,35615,91.44
45081,270,18592,1.43
45083,231188,96809,70.48
45085,68825,36731,65.2
45087,9729,17515,35.71
45089,5250,25776,16.92
45091,218152,63938,77.33
46003,0,2747,0.0
46005,14294,4855,74.65
46007,0,3381,0.0
46009,0,7003,0.0
46011,23674,10701,68.87
46013,27982,10319,73.06
46015,0,5247,0.0
46017,0,1948,0.0
46019,5089,5154,49.68
46021,0,1377,0.0
46023,0,9373,0.0
46025,0,3837,0.0
46027,11659,3308,77.9
46029,20643,7682,72.88
46031,0,3902,0.0
46033,0,8318,0.0
46035,15690,4266,78.62
46037,0,5449,0.0
46039,0,4295,0.0
46041,0,5239,0.0
46043,0,2835,0.0
46045,0,3986,0.0
46047,0,6973,0.0
46049,0,2125,0.0
46051,0,7556,0.0
46053,0,3994,0.0
46055,0,1872,0.0
46057,0,6164,0.0
46059,0,3145,0.0
46061,0,3461,0.0
46063,0,1311,0.0
46065,12670,5095,71.32
46067,0,7427,0.0
46069,0,1262,0.0
46071,0,2806,0.0
46073,0,1663,0.0
46075,0,917,0.0
46077,0,5187,0.0
46079,6169,4890,55.78
46081,17328,8440,67.25
46083,48561,16600,74.52
46085,0,3718,0.0
46087,0,5682,0.0
46089,0,2411,0.0
46091,0,4306,0.0
46093,19925,9927,66.75
46095,0,1918,0.0
46097,0,2298,0.0
46099,168939,28275,85.66
46101,0,6336,0.0
46102,0,13672,0.0
46103,89541,19681,81.98
46105,0,2835,0.0
46107,0,2472,0.0
46109,0,10280,0.0
46111,0,2330,0.0
46115,0,6361,0.0
46117,2085,895,69.97
46119,0,1446,0.0
46121,0,9319,0.0
46123,0,5624,0.0
46125,0,8673,0.0
46127,7076,9735,42.09
46129,0,5315,0.0
46135,16022,7288,68.73
46137,0,2413,0.0
47001,48957,28166,63.48
47003,22552,27685,44.89
47005,0,15864,0.0
47007,0,14913,0.0
47009,84955,50325,62.8
47011,73918,34702,68.05
47013,20114,19158,51.22
47015,0,14506,0.0
47017,5090,23350,17.9
47019,33398,22958,59.26
47021,0,41072,0.0
47023,5906,11435,34.06
47025,9187,22856,28.67
47027,0,7581,0.0
47029,11558,24441,32.11
47031,31216,26673,53.92
47033,0,13911,0.0
47035,28161,32984,46.06
47037,693387,22497,96.86
47039,0,11435,0.0
47041,4825,15255,24.03
47043,16543,37772,30.46
47045,16790,20011,45.62
47047,10629,31361,25.31
47049,0,18489,0.0
47051,13729,29045,32.1
47053,14738,35691,29.23
47055,8158,22188,26.88
47057,3663,19864,15.57
47059,22919,47233,32.67
47061,0,13529,0.0
47063,49883,14616,77.34
47065,320409,45798,87.49
47067,0,6662,0.0
47069,5281,20181,20.74
47071,8828,18003,32.9
47073,21511,35210,37.92
47075,9621,8243,53.86
47077,6357,21485,22.83
47079,10377,21822,32.23
47081,0,24925,0.0
47083,0,8283,0.0
47085,0,18990,0.0
47087,0,11617,0.0
47089,13224,41459,24.18
47091,0,17948,0.0
47093,434938,44033,90.81
47095,0,7005,0.0
47097,6922,18221,27.53
47099,11679,32480,26.45
47101,0,12582,0.0
47103,10120,25199,28.65
47105,35316,19570,64.34
47107,20425,32851,38.34
47109,0,25866,0.0
47111,6174,19042,24.48
47113,72809,26014,73.68
47115,2496,26341,8.66
47117,11934,22384,34.77
47119,63127,37847,62.52
47121,0,12758,0.0
47123,12350,33900,26.7
47125,181045,39024,82.27
47127,7,6454,0.11
47129,0,21035,0.0
47131,12528,18259,40.69
47133,0,22511,0.0
47135,0,8366,0.0
47137,0,5001,0.0
47139,0,17544,0.0
47141,49089,30765,61.47
47143,9688,23182,29.47
47145,25573,27831,47.89
47147,34217,38586,47.0
47149,286971,54515,84.04
47151,0,21850,0.0
47153,0,15826,0.0
47155,45879,52501,46.63
47157,898107,31637,96.6
47159,0,19904,0.0
47161,0,13657,0.0
47163,116193,41970,73.46
47165,146702,49579,74.74
47167,20326,40644,33.34
47169,0,11615,0.0
47171,8705,9223,48.56
47173,0,19802,0.0
47175,0,6168,0.0
47177,15711,25242,38.36
47179,98740,34261,74.24
47181,0,16232,0.0
47183,10714,22188,32.56
47185,5691,21660,20.81
47187,201545,46181,81.36
47189,95677,52060,64.76
48001,18615,39307,32.14
48003,15201,3409,81.68
48005,41551,44844,48.09
48007,18212,5618,76.42
48009,1082,7478,12.64
48011,0,1848,0.0
48013,13983,34998,28.55
48015,6385,23782,21.17
48017,5159,1745,74.72
48019,0,20851,0.0
48021,27216,70000,28.0
48023,0,3465,0.0
48025,14230,16817,45.83
48027,319903,50744,86.31
48029,1914732,94592,95.29
48031,0,11374,0.0
48033,0,631,0.0
48035,0,18235,0.0
48037,57646,35247,62.06
48039,287969,84062,77.4
48041,206137,27712,88.15
48043,6283,3263,65.82
48045,0,1435,0.0
48047,4497,2579,63.55
48049,21562,16533,56.6
48051,0,17642,0.0
48053,16054,33076,32.68
48055,20834,25049,45.41
48057,12055,8051,59.96
48059,0,13708,0.0
48061,346996,74021,82.42
48063,0,12464,0.0
48065,0,5807,0.0
48067,5531,22923,19.44
48069,0,7371,0.0
48071,21373,25198,45.89
48073,13881,36531,27.54
48075,4516,2148,67.77
48077,0,10218,0.0
48079,0,2547,0.0
48081,0,3285,0.0
48083,3599,4085,46.84
48085,999005,65460,93.85
48087,0,2652,0.0
48089,0,20557,0.0
48091,86223,75278,53.39
48093,0,13594,0.0
48095,0,3303,0.0
48097,16544,25124,39.7
48099,66866,16227,80.47
48101,0,1380,0.0
48103,0,4675,0.0
48105,0,3098,0.0
48107,0,5133,0.0
48109,0,2188,0.0
48111,5457,1658,76.7
48113,2598426,15113,99.42
48115,8731,3725,70.09
48117,15520,3063,83.52
48119,0,5230,0.0
48121,841126,65296,92.8
48123,9635,10189,48.6
48125,0,1770,0.0
48127,5615,3000,65.18
48129,0,3258,0.0
48131,0,9831,0.0
48133,0,17725,0.0
48135,150156,15015,90.91
48137,0,1422,0.0
48139,133382,59073,69.31
48141,830826,34831,95.98
48143,20852,21693,49.01
48145,5396,11572,31.8
48147,7799,27863,21.87
48149,5020,19415,20.54
48151,0,3672,0.0
48153,0,5402,0.0
48155,0,1095,0.0
48157,783302,39477,95.2
48159,0,10359,0.0
48161,0,19435,0.0
48163,9063,9322,49.3
48165,7068,14530,32.73
48167,336429,14253,95.94
48169,0,5816,0.0
48171,11641,15084,43.56
48173,0,1116,0.0
48175,0,7012,0.0
48177,6953,12700,35.38
48179,16865,4362,79.45
48181,70903,64640,52.31
48183,107516,16723,86.54
48185,7458,21810,25.48
48187,129837,42869,75.18
48189,22615,9907,69.54
48191,0,2825,0.0
48193,0,8222,0.0
48195,0,5285,0.0
48197,0,3549,0.0
48199,27710,28521,49.28
48201,4677507,53638,98.87
48203,31043,37796,45.1
48205,2895,2487,53.79
48207,0,5416,0.0
48209,169365,71702,70.26
48211,0,3382,0.0
48213,27977,54173,34.06
48215,793236,77545,91.09
48217,8068,27806,22.49
48219,12601,8936,58.51
48221,36291,25307,58.92
48223,14683,22104,39.91
48225,5935,16131,26.9
48227,28955,5905,83.06
48229,0,3202,0.0
48231,38657,61299,38.67
48233,12848,7769,62.32
48235,0,1513,0.0
48237,0,8472,0.0
48239,5910,9078,39.43
48241,7303,25677,22.14
48243,0,1996,0.0
48245,231266,25260,90.15
48247,0,4838,0.0
48249,19413,19478,49.92
48251,96310,83617,53.53
48253,0,19663,0.0
48255,0,14710,0.0
48257,84393,60917,58.08
48259,19127,25152,43.2
48261,0,350,0.0
48263,0,753,0.0
48265,31844,20754,60.54
48267,0,4286,0.0
48269,0,265,0.0
48271,0,3129,0.0
48273,24945,6095,80.36
48275,0,3353,0.0
48277,26292,23796,52.49
48279,5626,7419,43.13
48281,7324,14303,33.87
48283,0,6664,0.0
48285,3582,16755,17.61
48287,0,17478,0.0
48289,0,15719,0.0
48291,20735,70893,22.63
48293,6661,15485,30.08
48295,0,3059,0.0
48297,0,11335,0.0
48299,10576,10667,49.79
48301,0,64,0.0
48303,277958,32681,89.48
48305,0,5596,0.0
48307,4887,2743,64.05
48309,197983,62596,75.98
48311,0,600,0.0
48313,0,13455,0.0
48315,0,9725,0.0
48317,0,5237,0.0
48319,0,3953,0.0
48321,19311,16944,53.26
48323,54083,3804,93.43
48325,7987,42761,15.74
48327,0,1962,0.0
48329,146659,23324,86.28
48331,10615,14139,42.88
48333,0,4456,0.0
48335,5839,3151,64.95
48337,5419,14546,27.14
48339,478509,141934,77.12
48341,14639,6719,68.54
48343,0,11973,0.0
48345,0,1063,0.0
48347,33732,30921,52.17
48349,24380,28244,46.33
48351,0,12217,0.0
48353,10372,4366,70.38
48355,331009,22169,93.72
48357,8391,1624,83.78
48359,0,1758,0.0
48361,54219,30589,63.93
48363,14097,14312,49.62
48365,6328,16163,28.14
48367,52844,95378,35.65
48369,0,9869,0.0
48371,8551,6642,56.28
48373,5592,44531,11.16
48375,105174,13351,88.74
48377,0,6131,0.0
48379,0,12164,0.0
48381,116857,23896,83.02
48383,0,3385,0.0
48385,0,2758,0.0
48387,0,11587,0.0
48389,13081,1667,88.7
48391,0,6741,0.0
48393,0,827,0.0
48395,0,16757,0.0
48397,93009,14810,86.26
48399,0,9900,0.0
48401,18758,33456,35.93
48403,0,9894,0.0
48405,0,7918,0.0
48407,0,27402,0.0
48409,49619,19136,72.17
48411,0,5730,0.0
48413,0,2451,0.0
48415,11547,5385,68.2
48417,0,3105,0.0
48419,5123,18899,21.33
48421,0,2782,0.0
48423,151937,81542,65.08
48425,0,9205,0.0
48427,47070,18850,71.4
48429,5455,3646,59.94
48431,0,1372,0.0
48433,0,1245,0.0
48435,0,3372,0.0
48437,0,6971,0.0
48439,2084718,25922,98.77
48441,118138,25070,82.49
48443,0,760,0.0
48445,8264,3567,69.85
48447,0,1440,0.0
48449,15419,15828,49.35
48451,99982,20021,83.32
48453,1224251,65937,94.89
48455,0,13602,0.0
48457,0,19798,0.0
48459,7896,32996,19.31
48461,0,3308,0.0
48463,15926,8638,64.83
48465,42680,4906,89.69
48467,0,59541,0.0
48469,65986,25333,72.26
48471,43415,32985,56.83
48473,12858,43936,22.64
48475,9162,2482,78.68
48477,17395,18410,48.58
48479,251462,15652,94.14
48481,21812,19758,52.47
48483,0,4990,0.0
48485,112860,16490,87.25
48487,9524,3363,73.9
48489,12986,7178,64.4
48491,553276,55741,90.85
48493,6313,43440,12.69
48495,6381,1410,81.9
48497,6515,62117,9.49
48499,5699,39144,12.71
48501,0,7694,0.0
48503,8585,9282,48.05
48505,10942,2947,78.78
48507,6709,2961,69.38
49001,0,7072,0.0
49003,39364,18302,68.26
49005,113927,19227,85.56
49007,13346,7066,65.38
49009,0,935,0.0
49011,359645,3034,99.16
49013,6261,13335,31.95
49015,0,9825,0.0
49017,0,5083,0.0
49019,7933,1736,82.05
49021,40899,16390,71.39
49023,6330,5456,53.71
49025,0,7667,0.0
49027,0,12975,0.0
49029,0,12295,0.0
49031,0,1438,0.0
49033,0,2510,0.0
49035,1177043,8195,99.31
49037,0,14518,0.0
49039,5049,23388,17.76
49041,8393,13129,39.0
49043,23448,18909,55.36
49045,58342,14356,80.25
49047,19675,15945,55.24
49049,631512,27887,95.77
49051,25096,9692,72.14
49053,153479,26800,85.13
49055,0,2486,0.0
49057,247561,14662,94.41
50001,6154,31209,16.47
50003,13759,23588,36.84
50005,4883,25350,16.15
50007,124449,43874,73.93
50009,0,5920,0.0
50011,11368,38578,22.76
50013,0,7293,0.0
50015,0,25945,0.0
50017,0,29277,0.0
50019,0,27393,0.0
50021,19550,41022,32.28
50023,20014,39793,33.46
50025,13339,32566,29.06
50027,12334,45419,21.36
51001,3223,30190,9.65
51003,67016,45379,59.63
51005,7134,8089,46.86
51007,0,13265,0.0
51009,11782,19525,37.63
51011,0,16119,0.0
51013,238643,0,100.0
51015,12193,65294,15.74
51017,0,4209,0.0
51019,23255,56207,29.27
51021,0,6270,0.0
51023,13627,19969,40.56
51025,0,15849,0.0
51027,0,20355,0.0
51029,0,16824,0.0
51031,24030,31666,43.14
51033,0,30887,0.0
51035,692,28463,2.37
51036,0,6773,0.0
51037,0,11529,0.0
51041,335271,29277,91.97
51043,0,14783,0.0
51045,0,4892,0.0
51047,22563,29989,42.93
51049,648,9027,6.7
51051,0,14124,0.0
51053,7919,20028,28.34
51057,0,10599,0.0
51059,1132574,17735,98.46
51061,31045,41927,42.54
51063,0,15476,0.0
51065,9825,17424,36.06
51067,5411,49066,9.93
51069,55391,36028,60.59
51071,0,16787,0.0
51073,10618,28093,27.43
51075,1798,22929,7.27
51077,17,15316,0.11
51079,0,20552,0.0
51081,1392,9999,12.22
51083,7413,26609,21.79
51085,69279,40700,62.99
51087,322036,12353,96.31
51089,17799,33149,34.94
51091,0,2232,0.0
51093,16039,22567,41.55
51095,67172,11082,85.84
51097,0,6608,0.0
51099,0,26723,0.0
51101,0,17810,0.0
51103,0,10919,0.0
51105,0,22173,0.0
51107,370669,50290,88.05
51109,0,37596,0.0
51111,0,11936,0.0
51113,0,13837,0.0
51115,0,8533,0.0
51117,5076,25243,16.74
51119,0,10625,0.0
51121,73709,26012,73.92
51125,0,14775,0.0
51127,0,22945,0.0
51131,0,12282,0.0
51133,0,11839,0.0
51135,0,15642,0.0
51137,15704,20550,43.32
51139,4742,18967,20.0
51141,0,17608,0.0
51143,6618,53883,10.94
51145,579,29754,1.91
51147,7268,14581,33.26
51149,21911,21099,50.94
51153,460047,22157,95.41
51155,19404,14396,57.41
51157,0,7348,0.0
51159,0,8923,0.0
51161,78115,18814,80.59
51163,2247,20403,9.92
51165,34105,49652,40.72
51167,158,25623,0.61
51169,365,21211,1.69
51171,13424,30762,30.38
51173,7281,22519,24.43
51175,316,17680,1.76
51177,95165,44867,67.96
51179,127665,29262,81.35
51181,0,6561,0.0
51183,0,10829,0.0
51185,19287,21142,47.71
51187,16193,24534,39.76
51191,16626,37309,30.83
51193,3975,14502,21.51
51195,12506,23624,34.61
51197,7154,21136,25.29
51199,65097,4948,92.94
51510,159467,0,100.0
51520,17043,176,98.98
51530,6496,145,97.82
51540,46553,0,100.0
51550,230136,19286,92.27
51570,18170,0,100.0
51580,5700,37,99.36
51590,41216,1374,96.77
51595,5479,287,95.02
51600,24146,0,100.0
51610,14658,0,100.0
51620,7857,323,96.05
51630,27982,0,100.0
51640,6058,662,90.15
51650,136715,433,99.68
51660,51492,322,99.38
51670,23025,8,99.97
51678,7320,0,100.0
51680,77732,1277,98.38
51683,42772,0,100.0
51685,17219,0,100.0
51690,13474,11,99.92
51700,185551,696,99.63
51710,238005,0,100.0
51720,3322,365,90.1
51730,32552,906,97.29
51735,11353,1107,91.12
51740,97915,0,100.0
51750,15396,674,95.81
51760,226610,0,100.0
51770,100007,4,100.0
51775,25346,0,100.0
51790,25198,552,97.86
51800,68804,25520,72.94
51810,451132,8338,98.19
51820,21674,522,97.65
51830,15407,18,99.88
51840,28120,0,100.0
53001,10865,9748,52.71
53003,20667,1618,92.74
53005,181751,25122,87.86
53007,52482,26592,66.37
53009,49309,27846,63.91
53011,435459,67852,86.52
53013,0,3952,0.0
53015,74215,36515,67.02
53017,32040,10898,74.62
53019,0,7178,0.0
53021,85676,11073,88.55
53023,0,2286,0.0
53025,54647,44476,55.13
53027,46051,29585,60.89
53029,45356,41501,52.22
53031,15414,17563,46.74
53033,2194904,74771,96.71
53035,227183,48428,82.43
53037,25364,18973,57.21
53039,4613,18122,20.29
53041,32713,49436,39.82
53043,0,10876,0.0
53045,20048,45678,30.5
53047,8165,33939,19.39
53049,8663,14702,37.08
53051,0,13401,0.0
53053,858662,62468,93.22
53055,3542,14246,19.91
53057,85354,44169,65.9
53059,0,12036,0.0
53061,730291,97666,88.2
53063,460455,78884,85.37
53065,5058,41387,10.89
53067,231890,62903,78.66
53069,0,4422,0.0
53071,49909,12675,79.75
53073,161998,64849,71.41
53075,32691,15282,68.14
53077,178600,78128,69.57
54001,0,15465,0.0
54003,82492,39584,67.57
54005,0,21809,0.0
54007,0,12447,0.0
54009,13168,9391,58.37
54011,73566,20784,77.97
54013,0,6229,0.0
54015,0,8051,0.0
54017,0,7808,0.0
54019,15000,25488,37.05
54021,0,7408,0.0
54023,0,10976,0.0
54025,7227,25750,21.92
54027,0,23093,0.0
54029,19517,9578,67.08
54031,0,14299,0.0
54033,36734,29187,55.72
54035,0,27791,0.0
54037,22100,35601,38.3
54039,127648,53097,70.62
54041,4430,12603,26.01
54043,0,20463,0.0
54045,8821,23746,27.09
54047,0,19111,0.0
54049,31767,24438,56.52
54051,15621,14970,51.06
54053,7962,17491,31.28
54055,34717,24947,58.19
54057,8290,18648,30.77
54059,0,23568,0.0
54061,77620,28202,73.35
54063,0,12376,0.0
54065,0,17063,0.0
54067,0,24604,0.0
54069,28435,13990,67.02
54071,0,6143,0.0
54073,0,7653,0.0
54075,0,7869,0.0
54077,0,34216,0.0
54079,37945,19495,66.06
54081,42468,32123,56.93
54083,11109,16823,39.77
54085,0,8444,0.0
54087,0,14028,0.0
54089,0,11959,0.0
54091,5260,11445,31.49
54093,0,6762,0.0
54095,0,8313,0.0
54097,8547,15269,35.89
54099,15663,23319,40.18
54101,0,8378,0.0
54103,5429,9013,37.59
54105,0,5194,0.0
54107,59321,24975,70.37
54109,0,21382,0.0
55001,0,20654,0.0
55003,7225,8802,45.08
55005,10156,36555,21.74
55007,0,16220,0.0
55009,224156,44584,83.41
55011,0,13317,0.0
55013,0,16526,0.0
55015,24842,27600,47.37
55017,24847,41450,37.48
55019,0,34659,0.0
55021,19745,38745,33.76
55023,5961,10152,36.99
55025,485269,76235,86.42
55027,40330,49066,45.11
55029,9429,20637,31.36
55031,27191,17104,61.39
55033,17022,28418,37.46
55035,80628,25082,76.27
55037,0,4558,0.0
55039,66391,37763,63.74
55041,0,9179,0.0
55043,11838,40100,22.79
55045,10725,26368,28.91
55047,5202,13816,27.35
55049,4898,18811,20.66
55051,2016,4121,32.85
55053,4415,16730,20.88
55055,47119,37781,55.5
55057,0,26718,0.0
55059,147021,22130,86.92
55061,0,20563,0.0
55063,98911,21873,81.89
55065,0,16611,0.0
55067,8071,11420,41.41
55069,9519,18896,33.5
55071,46558,34801,57.23
55073,78131,59882,56.61
55075,16430,25442,39.24
55077,0,15592,0.0
55078,0,4255,0.0
55079,936887,2602,99.72
55081,20003,26271,43.23
55083,0,38965,0.0
55085,9738,28107,25.73
55087,142279,48426,74.61
55089,69257,22246,75.69
55091,0,7318,0.0
55093,12683,29529,30.05
55095,0,44977,0.0
55097,44615,25762,63.39
55099,0,14054,0.0
55101,169359,28368,85.65
55103,4924,12380,28.46
55105,130886,32801,79.96
55107,0,14188,0.0
55109,33684,59852,36.01
55111,36364,29399,55.3
55113,0,18074,0.0
55115,12229,28652,29.91
55117,83380,34654,70.64
55119,4114,15799,20.66
55121,0,30760,0.0
55123,4044,26670,13.17
55125,0,23047,0.0
55127,67182,39296,63.09
55129,0,16623,0.0
55131,84301,52460,61.64
55133,345086,61892,84.79
55135,18838,32974,36.36
55137,87,24433,0.35
55139,141825,29905,82.59
55141,47880,26327,64.52
56001,32261,4805,87.04
56003,0,11521,0.0
56005,34422,12604,73.2
56007,7700,6837,52.97
56009,6498,7253,47.25
56011,0,7181,0.0
56013,18211,21023,46.42
56015,6436,6062,51.5
56017,0,4621,0.0
56019,4516,3931,53.46
56021,79250,21262,78.85
56023,0,19581,0.0
56025,67751,12204,84.74
56027,0,2467,0.0
56029,16484,13140,55.64
56031,0,8605,0.0
56033,19430,11491,62.84
56035,0,8728,0.0
56037,37726,4546,89.25
56039,10760,12571,46.12
56041,11416,9034,55.82
56043,4889,2796,63.62
56045,0,6838,0.0
